Cluster,Pixel_Count,Percentage,Mean_Hotspot_Frequency,Median_Hotspot_Frequency,Std_Hotspot_Frequency,Min_Hotspot_Frequency,Max_Hotspot_Frequency,Mean_FRP_Max,Median_FRP_Max,Std_FRP_Max,Min_FRP_Max,Max_FRP_Max
-1,3156,15.665640821999405,1.420152091254753,1.0,0.9324028442814569,1,9,17.619825728770596,9.57,23.102188410441833,0.34,184.01
0,28,0.13898540653231412,1.0,1.0,0.0,1,1,108.79214285714285,107.81,4.5617900621826735,96.64,114.52
1,37,0.18365928720341507,5.0,5.0,0.0,5,5,12.955945945945945,11.69,3.9201788929272796,6.72,20.37
2,75,0.37228233892584134,4.0,4.0,0.0,4,4,11.365066666666667,11.93,3.6607089748023136,4.21,20.99
3,58,0.28789834210265064,2.0,2.0,0.0,2,2,75.80241379310345,74.05,3.899150294455662,65.62,83.65
4,48,0.23826069691253848,1.0,1.0,0.0,1,1,76.00125,76.69,3.0462447234084156,70.36,79.97
5,55,0.27300704854561697,1.0,1.0,0.0,1,1,64.63945454545454,65.07,2.1790444883376985,61.0,68.61
6,44,0.21840563883649358,1.0,1.0,0.0,1,1,56.38863636363636,56.230000000000004,1.0898956444798862,55.06,57.79
7,43,0.21344187431748238,1.0,1.0,0.0,1,1,51.387674418604654,51.71,0.5767430607640932,49.96,51.92
8,49,0.2432244614315497,1.0,1.0,0.0,1,1,42.81285714285714,42.83,0.23746052303488127,41.95,43.09
9,35,0.17373175816539263,1.0,1.0,0.0,1,1,48.16571428571429,48.14,0.29822302860429073,47.54,48.51
10,76,0.37724610344485254,1.0,1.0,0.0,1,1,45.50092105263158,45.32,0.40604819954148114,44.99,46.63
11,34,0.16876799364638143,1.0,1.0,0.0,1,1,41.194411764705876,41.16,0.17243692173838177,40.95,41.37
12,49,0.2432244614315497,1.0,1.0,0.0,1,1,40.2604081632653,40.4,0.23712654132053465,39.83,40.51
13,46,0.22833316787451602,1.0,1.0,0.0,1,1,36.41956521739131,36.52,0.16961337108899838,36.17,36.59
14,31,0.15387670008934776,1.0,1.0,0.0,1,1,35.730322580645165,35.7,0.0936121028844658,35.59,35.86
15,95,0.4715576293060657,1.0,1.0,0.0,1,1,38.0801052631579,38.16,0.25422177759989084,37.54,38.41
16,44,0.21840563883649358,1.0,1.0,0.0,1,1,38.986590909090914,39.09,0.17940396383863216,38.76,39.3
17,36,0.17869552268440386,3.0,3.0,0.0,3,3,24.075555555555557,24.3,1.0435418930448759,22.39,25.7
18,273,1.3551077136900627,3.0,3.0,0.0,3,3,11.526556776556777,11.11,4.054913578615038,5.17,20.99
19,38,0.18862305172242627,1.0,1.0,0.0,1,1,33.45368421052632,33.43,0.08826927636137107,33.36,33.7
20,44,0.21840563883649358,1.0,1.0,0.0,1,1,34.2075,34.2,0.17055484012003674,33.95,34.45
21,31,0.15387670008934776,2.0,2.0,0.0,2,2,35.84322580645161,35.8,0.34008221649844533,35.08,36.37
22,52,0.2581157549885833,2.0,2.0,0.0,2,2,38.66423076923077,38.315,0.9384328742253476,37.09,40.17
23,42,0.20847810979847115,1.0,1.0,0.0,1,1,29.315714285714286,29.3,0.10502364094238258,29.19,29.57
24,36,0.17869552268440386,1.0,1.0,0.0,1,1,31.35722222222222,31.34,0.19407820384151636,31.03,31.62
25,52,0.2581157549885833,1.0,1.0,0.0,1,1,30.236923076923077,30.275,0.2648901989433157,29.89,30.73
26,29,0.14394917105132532,1.0,1.0,0.0,1,1,27.215862068965517,27.17,0.09689896215643894,27.08,27.38
27,42,0.20847810979847115,1.0,1.0,0.0,1,1,28.324761904761903,28.33,0.05768873987597943,28.25,28.41
28,53,0.26307951950759456,1.0,1.0,0.0,1,1,28.690377358490565,28.67,0.08761722398616516,28.58,28.82
29,89,0.4417750421919984,1.0,1.0,0.0,1,1,26.41932584269663,26.43,0.2540212846880454,25.89,26.9
30,30,0.14891293557033655,1.0,1.0,0.0,1,1,24.19066666666667,24.17,0.06225272924820766,24.13,24.28
31,41,0.2035143452794599,1.0,1.0,0.0,1,1,24.712926829268294,24.71,0.0684924777781848,24.61,24.87
32,32,0.15884046460835896,1.0,1.0,0.0,1,1,24.461875,24.46,0.029450614758903794,24.42,24.49
33,32,0.15884046460835896,1.0,1.0,0.0,1,1,25.546875,25.52,0.07195148455057834,25.46,25.7
34,35,0.17373175816539263,1.0,1.0,0.0,1,1,25.29542857142857,25.32,0.05215039660008448,25.19,25.33
35,66,0.3276084582547404,1.0,1.0,0.0,1,1,23.330151515151513,23.23,0.22098724240408546,22.99,23.74
36,31,0.15387670008934776,2.0,2.0,0.0,2,2,23.743225806451612,23.81,0.24371276942026326,23.22,24.17
37,124,0.615506800357391,2.0,2.0,0.0,2,2,26.483709677419355,25.87,1.2438208035928264,24.71,28.87
38,27,0.13402164201330288,1.0,1.0,0.0,1,1,17.745185185185186,17.76,0.04964259727680879,17.6,17.8
39,68,0.33753598729276285,1.0,1.0,0.0,1,1,17.323529411764707,17.28,0.11974805274810073,17.17,17.51
40,34,0.16876799364638143,1.0,1.0,0.0,1,1,22.74441176470588,22.76,0.058163363271861286,22.65,22.9
41,41,0.2035143452794599,1.0,1.0,0.0,1,1,14.964146341463413,14.96,0.027016255269382942,14.91,15.0
42,37,0.18365928720341507,1.0,1.0,0.0,1,1,16.12108108108108,16.1,0.04254303597428901,16.09,16.22
43,41,0.2035143452794599,1.0,1.0,0.0,1,1,15.950000000000001,15.96,0.03570714214271466,15.9,16.01
44,99,0.49141268738211064,1.0,1.0,0.0,1,1,21.577676767676767,21.61,0.20433979445425987,21.21,21.89
45,64,0.3176809292167179,1.0,1.0,0.0,1,1,22.21,22.21,0.13801311186847204,22.0,22.39
46,66,0.3276084582547404,1.0,1.0,0.0,1,1,14.227121212121212,14.22,0.08016838340000185,13.95,14.35
47,52,0.2581157549885833,1.0,1.0,0.0,1,1,18.05173076923077,18.04,0.05178087896943976,17.99,18.17
48,61,0.3027896356596843,1.0,1.0,0.0,1,1,16.502131147540982,16.49,0.03061125904512688,16.45,16.57
49,41,0.2035143452794599,1.0,1.0,0.0,1,1,16.65878048780488,16.67,0.023472869653201,16.62,16.7
50,170,0.843839968231907,2.0,2.0,0.0,2,2,19.97470588235294,19.95,0.8157155906425115,18.53,21.41
51,30,0.14891293557033655,1.0,1.0,0.0,1,1,20.576666666666664,20.57,0.04633709568781241,20.5,20.65
52,51,0.25315199046957215,1.0,1.0,0.0,1,1,16.888235294117646,16.89,0.01807826123861947,16.86,16.95
53,28,0.13898540653231412,1.0,1.0,0.0,1,1,16.98785714285714,16.99,0.010665674557037073,16.95,17.0
54,26,0.12905787749429165,1.0,1.0,0.0,1,1,21.038846153846155,21.05,0.0181828321395593,21.02,21.06
55,55,0.27300704854561697,1.0,1.0,0.0,1,1,20.841272727272727,20.84,0.0471818603504352,20.77,20.93
56,26,0.12905787749429165,1.0,1.0,0.0,1,1,14.72653846153846,14.73,0.030586573223204606,14.67,14.76
57,30,0.14891293557033655,1.0,1.0,0.0,1,1,14.583,14.58,0.01207733699809271,14.57,14.6
58,35,0.17373175816539263,1.0,1.0,0.0,1,1,20.306857142857144,20.3,0.06402074243700112,20.18,20.41
59,68,0.33753598729276285,1.0,1.0,0.0,1,1,15.361323529411763,15.37,0.037452633240014604,15.3,15.44
60,51,0.25315199046957215,1.0,1.0,0.0,1,1,15.548627450980392,15.55,0.0494780601011448,15.47,15.61
61,50,0.24818822595056092,1.0,1.0,0.0,1,1,18.8278,18.86,0.07060352075397631,18.65,18.95
62,69,0.34249975181177406,1.0,1.0,0.0,1,1,0.9617391304347827,0.96,0.07016695471891922,0.86,1.06
63,37,0.18365928720341507,1.0,1.0,0.0,1,1,18.526756756756757,18.53,0.02896876229991893,18.47,18.56
64,37,0.18365928720341507,1.0,1.0,0.0,1,1,18.344864864864864,18.33,0.03753676876089599,18.3,18.43
65,41,0.2035143452794599,1.0,1.0,0.0,1,1,13.801707317073172,13.81,0.03137693731265037,13.75,13.85
66,61,0.3027896356596843,1.0,1.0,0.0,1,1,19.971967213114752,19.99,0.07458372637805834,19.83,20.08
67,39,0.1935868162414375,1.0,1.0,0.0,1,1,0.5402564102564102,0.54,0.013076129213023301,0.52,0.56
68,47,0.23329693239352725,1.0,1.0,0.0,1,1,0.44191489361702124,0.44,0.028638549413132576,0.4,0.48
69,35,0.17373175816539263,1.0,1.0,0.0,1,1,0.6894285714285714,0.69,0.019088471596729755,0.67,0.73
70,26,0.12905787749429165,1.0,1.0,0.0,1,1,0.7907692307692309,0.8,0.012624761993186956,0.77,0.8
71,44,0.21840563883649358,1.0,1.0,0.0,1,1,19.230909090909094,19.23,0.031090130178292645,19.17,19.28
72,49,0.2432244614315497,1.0,1.0,0.0,1,1,19.08795918367347,19.1,0.04188175775505326,19.02,19.14
73,38,0.18862305172242627,1.0,1.0,0.0,1,1,1.1644736842105263,1.17,0.02333045433705178,1.12,1.24
74,26,0.12905787749429165,1.0,1.0,0.0,1,1,12.666538461538462,12.65,0.02243966268771577,12.64,12.69
75,37,0.18365928720341507,1.0,1.0,0.0,1,1,19.501621621621624,19.51,0.03531709638825609,19.44,19.55
76,37,0.18365928720341507,1.0,1.0,0.0,1,1,19.692432432432433,19.7,0.03890197120151014,19.62,19.74
77,43,0.21344187431748238,1.0,1.0,0.0,1,1,13.672325581395349,13.67,0.006109013365249053,13.67,13.69
78,45,0.22336940335550481,1.0,1.0,0.0,1,1,13.354222222222223,13.34,0.017899833530063854,13.34,13.38
79,36,0.17869552268440386,2.0,2.0,0.0,2,2,16.74972222222222,16.7,0.26133160227803803,16.25,17.22
80,52,0.2581157549885833,2.0,2.0,0.0,2,2,15.886538461538462,15.945,0.14993965603698292,15.58,16.1
81,34,0.16876799364638143,1.0,1.0,0.0,1,1,13.439411764705882,13.45,0.011791413535072048,13.42,13.45
82,36,0.17869552268440386,1.0,1.0,0.0,1,1,13.230833333333333,13.22,0.02129721645125067,13.21,13.27
83,49,0.2432244614315497,1.0,1.0,0.0,1,1,13.497142857142858,13.5,0.010606601717797872,13.48,13.51
84,51,0.25315199046957215,1.0,1.0,0.0,1,1,13.5721568627451,13.57,0.018473085880836786,13.54,13.61
85,27,0.13402164201330288,1.0,1.0,0.0,1,1,13.102592592592591,13.1,0.01583389562654352,13.09,13.14
86,34,0.16876799364638143,1.0,1.0,0.0,1,1,11.526764705882352,11.53,0.01319333813418672,11.51,11.54
87,41,0.2035143452794599,1.0,1.0,0.0,1,1,10.533658536585365,10.53,0.0233191013507145,10.51,10.62
88,68,0.33753598729276285,1.0,1.0,0.0,1,1,10.710735294117647,10.705,0.041332874288237086,10.64,10.81
89,59,0.2928621066216619,1.0,1.0,0.0,1,1,12.081016949152541,12.09,0.019360011689066935,12.03,12.11
90,26,0.12905787749429165,2.0,2.0,0.0,2,2,14.314615384615385,14.3,0.08065882564137755,14.21,14.49
91,32,0.15884046460835896,2.0,2.0,0.0,2,2,14.908750000000001,14.9,0.0965785657112319,14.68,15.06
92,39,0.1935868162414375,1.0,1.0,0.0,1,1,12.45076923076923,12.44,0.01345257075502776,12.44,12.47
93,51,0.25315199046957215,1.0,1.0,0.0,1,1,1.3423529411764705,1.31,0.04990343616602423,1.3,1.42
94,33,0.1638042291273702,1.0,1.0,0.0,1,1,9.51969696969697,9.52,0.007282190812544248,9.51,9.53
95,32,0.15884046460835896,1.0,1.0,0.0,1,1,12.8609375,12.86,0.014223872482102653,12.83,12.89
96,78,0.387173632482875,1.0,1.0,0.0,1,1,12.948076923076924,12.95,0.021140082708047833,12.92,13.0
97,124,0.615506800357391,1.0,1.0,0.0,1,1,10.931290322580645,10.93,0.05454866913097155,10.84,11.0
98,31,0.15387670008934776,1.0,1.0,0.0,1,1,11.056451612903226,11.07,0.015176382330620857,11.04,11.07
99,99,0.49141268738211064,1.0,1.0,0.0,1,1,11.65838383838384,11.67,0.03759904120323072,11.59,11.74
100,43,0.21344187431748238,1.0,1.0,0.0,1,1,11.933720930232557,11.94,0.01786500380685172,11.9,11.96
101,63,0.3127171646977068,1.0,1.0,0.0,1,1,10.349047619047619,10.35,0.015731034224996655,10.32,10.37
102,28,0.13898540653231412,1.0,1.0,0.0,1,1,10.272499999999999,10.27,0.005853140973806943,10.27,10.29
103,34,0.16876799364638143,1.0,1.0,0.0,1,1,10.221176470588237,10.22,0.00685994340570029,10.21,10.23
104,80,0.39710116152089747,1.0,1.0,0.0,1,1,9.453375,9.46,0.01757038287660223,9.42,9.47
105,27,0.13402164201330288,1.0,1.0,0.0,1,1,11.863333333333333,11.86,0.00733799385705338,11.85,11.87
106,39,0.1935868162414375,1.0,1.0,0.0,1,1,10.173589743589742,10.18,0.010879042984027656,10.15,10.18
107,37,0.18365928720341507,1.0,1.0,0.0,1,1,9.612432432432431,9.61,0.011644122362187278,9.58,9.63
108,39,0.1935868162414375,1.0,1.0,0.0,1,1,9.847179487179487,9.84,0.008255370803211658,9.84,9.86
109,33,0.1638042291273702,1.0,1.0,0.0,1,1,9.903333333333334,9.9,0.006454972243679541,9.88,9.91
110,50,0.24818822595056092,1.0,1.0,0.0,1,1,11.3332,11.34,0.01899946293548155,11.31,11.36
111,34,0.16876799364638143,2.0,2.0,0.0,2,2,13.513235294117647,13.545,0.09030992388957712,13.24,13.62
112,81,0.4020649260399086,2.0,2.0,0.0,2,2,12.950740740740741,12.96,0.13378880537789506,12.72,13.18
113,82,0.4070286905589198,1.0,1.0,0.0,1,1,12.35048780487805,12.35,0.019238749415503735,12.31,12.38
114,36,0.17869552268440386,1.0,1.0,0.0,1,1,12.279444444444444,12.28,0.007908203496349313,12.26,12.29
115,58,0.28789834210265064,1.0,1.0,0.0,1,1,11.242068965517241,11.24,0.030822560698842656,11.18,11.28
116,36,0.17869552268440386,1.0,1.0,0.0,1,1,11.14611111111111,11.15,0.00549169647365243,11.13,11.15
117,30,0.14891293557033655,1.0,1.0,0.0,1,1,11.782666666666666,11.78,0.004497764451087321,11.78,11.79
118,34,0.16876799364638143,1.0,1.0,0.0,1,1,11.816764705882354,11.82,0.008060599359357361,11.8,11.83
119,37,0.18365928720341507,1.0,1.0,0.0,1,1,9.747297297297298,9.75,0.013259933100352868,9.72,9.77
120,60,0.2978258711406731,1.0,1.0,0.0,1,1,10.082833333333333,10.08,0.02034379651139733,10.05,10.12
121,52,0.2581157549885833,1.0,1.0,0.0,1,1,10.002884615384614,10.0,0.0219032219370043,9.97,10.04
122,26,0.12905787749429165,1.0,1.0,0.0,1,1,9.7,9.7,0.0,9.7,9.7
123,45,0.22336940335550481,1.0,1.0,0.0,1,1,9.674666666666667,9.68,0.008146387933534642,9.66,9.68
124,30,0.14891293557033655,1.0,1.0,0.0,1,1,8.366999999999999,8.37,0.004660915996993164,8.36,8.37
125,33,0.1638042291273702,1.0,1.0,0.0,1,1,8.335454545454546,8.34,0.005056498968474936,8.33,8.34
126,47,0.23329693239352725,1.0,1.0,0.0,1,1,7.670425531914893,7.67,0.011025158346198638,7.65,7.69
127,65,0.3226446937357292,1.0,1.0,0.0,1,1,1.5067692307692306,1.5,0.03746280206366753,1.46,1.6
128,37,0.18365928720341507,1.0,1.0,0.0,1,1,1.6294594594594594,1.63,0.014519325425473737,1.61,1.66
129,70,0.34746351633078526,1.0,1.0,0.0,1,1,8.165428571428572,8.16,0.028624794881144132,8.12,8.2
130,42,0.20847810979847115,1.0,1.0,0.0,1,1,8.247619047619047,8.245000000000001,0.008499504665485758,8.24,8.26
131,74,0.36731857440683013,1.0,1.0,0.0,1,1,8.291891891891892,8.29,0.010293724072260615,8.28,8.31
132,93,0.4616301002680433,1.0,1.0,0.0,1,1,7.811935483870967,7.82,0.028217249754905534,7.76,7.85
133,47,0.23329693239352725,1.0,1.0,0.0,1,1,7.891276595744681,7.88,0.018605401421957136,7.87,7.92
134,32,0.15884046460835896,1.0,1.0,0.0,1,1,8.085,8.085,0.005080005080007612,8.08,8.09
135,47,0.23329693239352725,1.0,1.0,0.0,1,1,6.953829787234042,6.96,0.01311374842597738,6.93,6.97
136,39,0.1935868162414375,1.0,1.0,0.0,1,1,8.054871794871795,8.05,0.005063696835418272,8.05,8.06
137,100,0.49637645190112184,1.0,1.0,0.0,1,1,6.779299999999999,6.78,0.02301756027054273,6.74,6.83
138,134,0.6651444455475032,1.0,1.0,0.0,1,1,6.882910447761193,6.88,0.02380448643079939,6.84,6.92
139,31,0.15387670008934776,1.0,1.0,0.0,1,1,7.609677419354839,7.61,0.00546740094727661,7.6,7.62
140,85,0.4219199841159535,1.0,1.0,0.0,1,1,7.562117647058823,7.56,0.015204488501368343,7.54,7.59
141,44,0.21840563883649358,1.0,1.0,0.0,1,1,7.965454545454546,7.97,0.005036862005092905,7.96,7.97
142,73,0.36235480988781893,1.0,1.0,0.0,1,1,7.00958904109589,7.01,0.01123466314635964,6.99,7.02
143,77,0.3822098679638638,1.0,1.0,0.0,1,1,8.02961038961039,8.03,0.010316256772374844,8.01,8.04
144,38,0.18862305172242627,1.0,1.0,0.0,1,1,7.996315789473685,8.0,0.004888515295293161,7.99,8.0
145,67,0.3325722227737516,1.0,1.0,0.0,1,1,7.316716417910447,7.32,0.010785520554932997,7.3,7.34
146,35,0.17373175816539263,1.0,1.0,0.0,1,1,9.342571428571429,9.34,0.004434395736310709,9.34,9.35
147,29,0.14394917105132532,1.0,1.0,0.0,1,1,9.31793103448276,9.32,0.00726012118396839,9.31,9.33
148,60,0.2978258711406731,1.0,1.0,0.0,1,1,7.461,7.46,0.009513594198633745,7.45,7.48
149,39,0.1935868162414375,1.0,1.0,0.0,1,1,7.497692307692309,7.5,0.007056739392255409,7.49,7.51
150,34,0.16876799364638143,1.0,1.0,0.0,1,1,7.263529411764705,7.26,0.005970814340265454,7.25,7.27
151,95,0.4715576293060657,1.0,1.0,0.0,1,1,5.71821052631579,5.72,0.018506982429780827,5.69,5.76
152,84,0.4169562195969423,1.0,1.0,0.0,1,1,8.505238095238095,8.504999999999999,0.021083665262625978,8.47,8.54
153,45,0.22336940335550481,1.0,1.0,0.0,1,1,7.0473333333333334,7.05,0.009629500128629464,7.04,7.09
154,48,0.23826069691253848,1.0,1.0,0.0,1,1,7.119375000000001,7.12,0.011374897708214534,7.1,7.13
155,112,0.5559416261292565,1.0,1.0,0.0,1,1,4.165625,4.17,0.018733851905233155,4.13,4.19
156,45,0.22336940335550481,1.0,1.0,0.0,1,1,9.066666666666666,9.07,0.007071067811865448,9.06,9.08
157,51,0.25315199046957215,1.0,1.0,0.0,1,1,9.111960784313725,9.11,0.008722295074838989,9.1,9.13
158,111,0.5509778616102452,1.0,1.0,0.0,1,1,5.193963963963964,5.19,0.02601675261963775,5.16,5.24
159,53,0.26307951950759456,1.0,1.0,0.0,1,1,4.2152830188679244,4.22,0.005039754872284259,4.21,4.22
160,65,0.3226446937357292,1.0,1.0,0.0,1,1,5.291846153846154,5.29,0.01157749806903238,5.28,5.31
161,82,0.4070286905589198,1.0,1.0,0.0,1,1,5.785121951219512,5.78,0.007411019895993935,5.78,5.8
162,74,0.36731857440683013,1.0,1.0,0.0,1,1,5.83054054054054,5.83,0.013333641857469722,5.81,5.85
163,38,0.18862305172242627,1.0,1.0,0.0,1,1,6.097368421052631,6.1,0.011551110985836444,6.08,6.11
164,36,0.17869552268440386,1.0,1.0,0.0,1,1,6.571666666666667,6.57,0.008451542547285343,6.56,6.58
165,45,0.22336940335550481,1.0,1.0,0.0,1,1,6.151111111111112,6.15,0.003178208630818701,6.15,6.16
166,39,0.1935868162414375,1.0,1.0,0.0,1,1,6.138974358974359,6.14,0.0030735474060475747,6.13,6.14
167,69,0.34249975181177406,1.0,1.0,0.0,1,1,6.662753623188406,6.66,0.009375195365966512,6.65,6.68
168,47,0.23329693239352725,1.0,1.0,0.0,1,1,7.4065957446808515,7.41,0.005998766447354985,7.4,7.42
169,58,0.28789834210265064,1.0,1.0,0.0,1,1,7.371896551724138,7.37,0.0071222154427582115,7.36,7.39
170,29,0.14394917105132532,1.0,1.0,0.0,1,1,4.245172413793103,4.25,0.005085476277156196,4.24,4.25
171,41,0.2035143452794599,1.0,1.0,0.0,1,1,4.267317073170731,4.27,0.004485749794572978,4.26,4.27
172,38,0.18862305172242627,1.0,1.0,0.0,1,1,2.2476315789473684,2.25,0.004308514841827638,2.24,2.25
173,28,0.13898540653231412,1.0,1.0,0.0,1,1,6.632142857142857,6.63,0.0041785544701868045,6.63,6.64
174,46,0.22833316787451602,1.0,1.0,0.0,1,1,6.614130434782608,6.61,0.004978213403988855,6.61,6.62
175,28,0.13898540653231412,1.0,1.0,0.0,1,1,9.229642857142858,9.23,0.006372477195601591,9.22,9.24
176,72,0.3573910453688077,1.0,1.0,0.0,1,1,9.017777777777777,9.02,0.015584591724440693,8.98,9.04
177,70,0.34746351633078526,1.0,1.0,0.0,1,1,8.942571428571428,8.94,0.01410989110217007,8.92,8.96
178,86,0.42688374863496475,1.0,1.0,0.0,1,1,7.203255813953489,7.2,0.010894343968599248,7.18,7.22
179,31,0.15387670008934776,1.0,1.0,0.0,1,1,7.166774193548386,7.17,0.004751909633114619,7.16,7.17
180,77,0.3822098679638638,1.0,1.0,0.0,1,1,5.542207792207792,5.54,0.005763628385555462,5.53,5.55
181,50,0.24818822595056092,1.0,1.0,0.0,1,1,5.5098,5.51,0.006223720260225689,5.5,5.52
182,52,0.2581157549885833,1.0,1.0,0.0,1,1,5.34,5.34,0.0,5.34,5.34
183,28,0.13898540653231412,1.0,1.0,0.0,1,1,5.35,5.35,0.0,5.35,5.35
184,43,0.21344187431748238,1.0,1.0,0.0,1,1,6.009302325581395,6.01,0.005068741196791205,6.0,6.02
185,47,0.23329693239352725,1.0,1.0,0.0,1,1,5.983404255319149,5.98,0.004789751624984835,5.98,5.99
186,44,0.21840563883649358,1.0,1.0,0.0,1,1,6.03,6.03,0.0,6.03,6.03
187,46,0.22833316787451602,1.0,1.0,0.0,1,1,6.305434782608696,6.31,0.00503610155185365,6.3,6.31
188,52,0.2581157549885833,1.0,1.0,0.0,1,1,6.283269230769231,6.28,0.004736654667156793,6.28,6.29
189,66,0.3276084582547404,1.0,1.0,0.0,1,1,1.821818181818182,1.83,0.013801793741739203,1.8,1.84
190,49,0.2432244614315497,1.0,1.0,0.0,1,1,1.8653061224489798,1.86,0.010227015045197286,1.85,1.88
191,26,0.12905787749429165,1.0,1.0,0.0,1,1,9.2,9.2,0.0,9.2,9.2
192,38,0.18862305172242627,1.0,1.0,0.0,1,1,5.36421052631579,5.36,0.005003554924018407,5.36,5.37
193,60,0.2978258711406731,1.0,1.0,0.0,1,1,5.382666666666666,5.38,0.0044594849085645965,5.38,5.39
194,30,0.14891293557033655,1.0,1.0,0.0,1,1,6.529333333333333,6.53,0.002537081317024873,6.52,6.53
195,28,0.13898540653231412,2.0,2.0,0.0,2,2,12.293571428571427,12.32,0.06533187559112268,12.18,12.36
196,33,0.1638042291273702,1.0,1.0,0.0,1,1,9.16969696969697,9.17,0.0017407765595569076,9.16,9.17
197,32,0.15884046460835896,1.0,1.0,0.0,1,1,9.181875,9.18,0.003965577694562768,9.18,9.19
198,35,0.17373175816539263,1.0,1.0,0.0,1,1,6.05,6.05,0.0,6.05,6.05
199,42,0.20847810979847115,1.0,1.0,0.0,1,1,6.04,6.04,0.0,6.04,6.04
200,27,0.13402164201330288,1.0,1.0,0.0,1,1,6.41,6.41,0.0,6.41,6.41
201,27,0.13402164201330288,1.0,1.0,0.0,1,1,6.4,6.4,0.0,6.4,6.4
202,26,0.12905787749429165,1.0,1.0,0.0,1,1,6.430000000000001,6.43,0.0,6.43,6.43
203,29,0.14394917105132532,1.0,1.0,0.0,1,1,6.42,6.42,0.0,6.42,6.42
204,41,0.2035143452794599,1.0,1.0,0.0,1,1,6.37,6.37,0.008366600265340314,6.36,6.38
205,61,0.3027896356596843,1.0,1.0,0.0,1,1,8.735245901639345,8.73,0.011776609214461648,8.72,8.75
206,48,0.23826069691253848,1.0,1.0,0.0,1,1,8.774375,8.77,0.005013280235873953,8.77,8.78
207,33,0.1638042291273702,1.0,1.0,0.0,1,1,1.9506060606060607,1.95,0.008268688657895637,1.94,1.97
208,40,0.19855058076044874,1.0,1.0,0.0,1,1,1.9940000000000002,1.99,0.00955416408075814,1.98,2.01
209,74,0.36731857440683013,1.0,1.0,0.0,1,1,4.842027027027027,4.85,0.010065501876541955,4.82,4.85
210,105,0.5211952744961779,2.0,2.0,0.0,2,2,3.7537142857142856,3.77,0.2098316960312256,3.37,4.08
211,29,0.14394917105132532,1.0,1.0,0.0,1,1,2.0372413793103448,2.04,0.0064898556687329155,2.03,2.05
212,66,0.3276084582547404,1.0,1.0,0.0,1,1,2.089848484848485,2.08,0.01441072509171523,2.07,2.11
213,44,0.21840563883649358,1.0,1.0,0.0,1,1,5.658863636363637,5.66,0.00813145173997639,5.65,5.67
214,44,0.21840563883649358,1.0,1.0,0.0,1,1,5.910454545454545,5.91,0.007456710869940099,5.9,5.92
215,70,0.34746351633078526,1.0,1.0,0.0,1,1,5.956142857142857,5.96,0.01207378969153968,5.93,5.97
216,160,0.7942023230417949,2.0,2.0,0.0,2,2,11.446250000000001,11.46,0.37893055403315534,10.67,12.05
217,52,0.2581157549885833,1.0,1.0,0.0,1,1,2.1796153846153845,2.18,0.006848941083614531,2.17,2.19
218,55,0.27300704854561697,1.0,1.0,0.0,1,1,2.146727272727273,2.14,0.010550503841671832,2.13,2.16
219,51,0.25315199046957215,1.0,1.0,0.0,1,1,4.77,4.77,0.0,4.77,4.77
220,51,0.25315199046957215,1.0,1.0,0.0,1,1,4.7519607843137255,4.75,0.007216538739073381,4.74,4.76
221,38,0.18862305172242627,1.0,1.0,0.0,1,1,4.787894736842105,4.79,0.004131549501122523,4.78,4.79
222,34,0.16876799364638143,1.0,1.0,0.0,1,1,4.804705882352941,4.8,0.0050664039710489476,4.8,4.81
223,36,0.17869552268440386,1.0,1.0,0.0,1,1,5.039166666666667,5.04,0.008062257748298237,5.03,5.05
224,43,0.21344187431748238,1.0,1.0,0.0,1,1,5.592790697674418,5.59,0.007661151658840355,5.58,5.6
225,48,0.23826069691253848,1.0,1.0,0.0,1,1,2.40875,2.41,0.007033355181304601,2.4,2.42
226,65,0.3226446937357292,1.0,1.0,0.0,1,1,5.638615384615385,5.64,0.0034807161066915545,5.63,5.64
227,38,0.18862305172242627,1.0,1.0,0.0,1,1,5.6118421052631575,5.61,0.003928594520631766,5.61,5.62
228,114,0.5658691551672789,1.0,1.0,0.0,1,1,2.305701754385965,2.31,0.024166432444030283,2.27,2.34
229,86,0.42688374863496475,1.0,1.0,0.0,1,1,2.3665116279069767,2.36,0.012249124036913146,2.35,2.39
230,34,0.16876799364638143,1.0,1.0,0.0,1,1,6.33,6.33,0.0,6.33,6.33
231,30,0.14891293557033655,1.0,1.0,0.0,1,1,6.34,6.34,0.0,6.34,6.34
232,31,0.15387670008934776,1.0,1.0,0.0,1,1,6.261290322580645,6.26,0.003407771005482421,6.26,6.27
233,45,0.22336940335550481,1.0,1.0,0.0,1,1,6.237555555555556,6.24,0.006794234037889469,6.23,6.25
234,27,0.13402164201330288,1.0,1.0,0.0,1,1,5.0162962962962965,5.02,0.00564879030490912,5.0,5.02
235,54,0.26804328402660577,1.0,1.0,0.0,1,1,4.982592592592592,4.98,0.004423430404999222,4.98,4.99
236,75,0.37228233892584134,1.0,1.0,0.0,1,1,4.906266666666667,4.9,0.008506489308778214,4.9,4.92
237,96,0.47652139382507697,1.0,1.0,0.0,1,1,2.4933333333333336,2.5,0.019717300267140036,2.46,2.52
238,53,0.26307951950759456,1.0,1.0,0.0,1,1,5.41,5.41,0.0,5.41,5.41
239,34,0.16876799364638143,1.0,1.0,0.0,1,1,5.42,5.42,0.0,5.42,5.42
240,31,0.15387670008934776,1.0,1.0,0.0,1,1,6.4554838709677425,6.46,0.005679618342470498,6.45,6.47
241,72,0.3573910453688077,1.0,1.0,0.0,1,1,6.490833333333334,6.49,0.011838109860548597,6.47,6.51
242,48,0.23826069691253848,1.0,1.0,0.0,1,1,4.94,4.94,0.0,4.94,4.94
243,33,0.1638042291273702,1.0,1.0,0.0,1,1,4.96,4.96,0.006123724356957889,4.95,4.97
244,29,0.14394917105132532,1.0,1.0,0.0,1,1,4.880000000000001,4.88,0.0,4.88,4.88
245,30,0.14891293557033655,1.0,1.0,0.0,1,1,4.866666666666666,4.87,0.004794633014853688,4.86,4.87
246,53,0.26307951950759456,1.0,1.0,0.0,1,1,2.8381132075471696,2.84,0.003949977494378388,2.83,2.84
247,91,0.45170257123002083,1.0,1.0,0.0,1,1,2.792417582417582,2.79,0.01701898673969445,2.77,2.82
248,41,0.2035143452794599,1.0,1.0,0.0,1,1,2.8907317073170735,2.89,0.0026365165488187875,2.89,2.9
249,73,0.36235480988781893,1.0,1.0,0.0,1,1,8.577260273972602,8.58,0.0160952265156646,8.56,8.61
250,27,0.13402164201330288,1.0,1.0,0.0,1,1,8.626666666666667,8.63,0.004803844614153833,8.62,8.63
251,55,0.27300704854561697,1.0,1.0,0.0,1,1,2.852181818181818,2.85,0.004168181542799991,2.85,2.86
252,40,0.19855058076044874,1.0,1.0,0.0,1,1,2.877,2.88,0.00464095480892218,2.87,2.88
253,38,0.18862305172242627,1.0,1.0,0.0,1,1,5.118157894736842,5.12,0.005122954783945629,5.11,5.13
254,72,0.3573910453688077,1.0,1.0,0.0,1,1,3.125972222222222,3.12,0.008985077177942507,3.1,3.14
255,28,0.13898540653231412,1.0,1.0,0.0,1,1,5.1,5.1,0.0,5.1,5.1
256,47,0.23329693239352725,1.0,1.0,0.0,1,1,5.083191489361702,5.08,0.006949001485582165,5.07,5.09
257,45,0.22336940335550481,1.0,1.0,0.0,1,1,3.2371111111111115,3.24,0.0054864387448518275,3.23,3.25
258,69,0.34249975181177406,1.0,1.0,0.0,1,1,3.001304347826087,3.0,0.008209220690651716,2.99,3.01
259,79,0.39213739700188627,1.0,1.0,0.0,1,1,2.9613924050632914,2.96,0.01278362105267683,2.94,2.98
260,27,0.13402164201330288,1.0,1.0,0.0,1,1,3.081851851851852,3.08,0.003958473906635592,3.08,3.09
261,41,0.2035143452794599,1.0,1.0,0.0,1,1,3.166585365853659,3.17,0.004800914547021526,3.16,3.17
262,71,0.35242728084979646,2.0,2.0,0.0,2,2,9.780985915492959,9.77,0.1564896612703441,9.46,10.1
263,56,0.27797081306462823,1.0,1.0,0.0,1,1,4.449821428571428,4.45,0.009627814144176145,4.44,4.47
264,36,0.17869552268440386,1.0,1.0,0.0,1,1,3.0302777777777776,3.03,0.0016666666666667349,3.03,3.04
265,51,0.25315199046957215,1.0,1.0,0.0,1,1,4.571764705882353,4.57,0.0038501336875181717,4.57,4.58
266,71,0.35242728084979646,1.0,1.0,0.0,1,1,4.650845070422536,4.65,0.004998993862552152,4.64,4.66
267,50,0.24818822595056092,1.0,1.0,0.0,1,1,4.6158,4.62,0.011082252773267938,4.6,4.63
268,80,0.39710116152089747,1.0,1.0,0.0,1,1,4.54575,4.545,0.010283943488316233,4.53,4.56
269,29,0.14394917105132532,1.0,1.0,0.0,1,1,3.05,3.05,0.0,3.05,3.05
270,38,0.18862305172242627,1.0,1.0,0.0,1,1,3.067105263157895,3.07,0.004596058673938072,3.06,3.07
271,35,0.17373175816539263,1.0,1.0,0.0,1,1,4.52,4.52,0.0,4.52,4.52
272,52,0.2581157549885833,1.0,1.0,0.0,1,1,4.341346153846154,4.34,0.006868183580930129,4.33,4.35
273,67,0.3325722227737516,1.0,1.0,0.0,1,1,3.3340298507462687,3.33,0.005521226667759347,3.33,3.35
274,70,0.34746351633078526,1.0,1.0,0.0,1,1,4.503,4.5,0.004615663313770466,4.5,4.51
275,29,0.14394917105132532,1.0,1.0,0.0,1,1,4.48448275862069,4.48,0.005061201788784711,4.48,4.49
276,51,0.25315199046957215,1.0,1.0,0.0,1,1,3.304117647058823,3.3,0.005357787076111004,3.3,3.32
277,59,0.2928621066216619,1.0,1.0,0.0,1,1,3.281016949152542,3.28,0.007811334658849402,3.27,3.29
278,28,0.13898540653231412,1.0,1.0,0.0,1,1,3.2,3.2,0.0,3.2,3.2
279,59,0.2928621066216619,1.0,1.0,0.0,1,1,4.4091525423728815,4.41,0.008766734852647026,4.4,4.42
280,44,0.21840563883649358,1.0,1.0,0.0,1,1,4.378181818181818,4.38,0.005401432743921004,4.37,4.39
281,30,0.14891293557033655,1.0,1.0,0.0,1,1,3.18,3.18,0.0,3.18,3.18
282,40,0.19855058076044874,1.0,1.0,0.0,1,1,3.19,3.19,0.0,3.19,3.19
283,42,0.20847810979847115,1.0,1.0,0.0,1,1,3.6295238095238096,3.63,0.006228330611547502,3.62,3.64
284,57,0.28293457758363943,2.0,2.0,0.0,2,2,9.141929824561403,9.13,0.055370137532119515,9.04,9.29
285,56,0.27797081306462823,2.0,2.0,0.0,2,2,8.849464285714285,8.86,0.05093381241133721,8.75,8.95
286,75,0.37228233892584134,2.0,2.0,0.0,2,2,4.520933333333333,4.53,0.13510929843102046,4.27,4.77
287,148,0.7346371488136603,2.0,2.0,0.0,2,2,5.234324324324324,5.27,0.19615058134189867,4.86,5.58
288,48,0.23826069691253848,1.0,1.0,0.0,1,1,4.07,4.07,0.0,4.07,4.07
289,49,0.2432244614315497,1.0,1.0,0.0,1,1,4.0895918367346935,4.09,0.0019991494790175474,4.08,4.09
290,38,0.18862305172242627,1.0,1.0,0.0,1,1,4.31,4.31,0.0,4.31,4.31
291,27,0.13402164201330288,1.0,1.0,0.0,1,1,4.293333333333333,4.29,0.004803844614152962,4.29,4.3
292,48,0.23826069691253848,1.0,1.0,0.0,1,1,2.74875,2.75,0.003927535094037041,2.74,2.76
293,45,0.22336940335550481,2.0,2.0,0.0,2,2,7.982444444444444,7.98,0.04259511045112356,7.91,8.06
294,54,0.26804328402660577,2.0,2.0,0.0,2,2,8.225925925925926,8.24,0.04795904378948642,8.14,8.31
295,55,0.27300704854561697,1.0,1.0,0.0,1,1,3.4372727272727275,3.44,0.004494665749754917,3.43,3.44
296,78,0.387173632482875,1.0,1.0,0.0,1,1,3.418717948717948,3.42,0.003364819656684555,3.41,3.42
297,100,0.49637645190112184,1.0,1.0,0.0,1,1,3.8953,3.9,0.017259457954665977,3.87,3.92
298,55,0.27300704854561697,1.0,1.0,0.0,1,1,3.379090909090909,3.38,0.0029012942659283943,3.37,3.38
299,52,0.2581157549885833,1.0,1.0,0.0,1,1,3.3934615384615388,3.39,0.004803844614152566,3.39,3.4
300,57,0.28293457758363943,1.0,1.0,0.0,1,1,4.053333333333333,4.05,0.004755948656056715,4.05,4.06
301,45,0.22336940335550481,1.0,1.0,0.0,1,1,4.035333333333333,4.04,0.005045249791095401,4.03,4.04
302,70,0.34746351633078526,2.0,2.0,0.0,2,2,5.957,5.99,0.08691741874422766,5.78,6.11
303,37,0.18365928720341507,1.0,1.0,0.0,1,1,3.9775675675675672,3.98,0.004349588362008544,3.97,3.98
304,30,0.14891293557033655,1.0,1.0,0.0,1,1,3.96,3.96,0.0,3.96,3.96
305,42,0.20847810979847115,1.0,1.0,0.0,1,1,3.95,3.95,0.0,3.95,3.95
306,52,0.2581157549885833,1.0,1.0,0.0,1,1,3.935769230769231,3.94,0.004988674957146067,3.93,3.94
307,28,0.13898540653231412,1.0,1.0,0.0,1,1,2.7239285714285715,2.72,0.005669467095138501,2.71,2.73
308,51,0.25315199046957215,1.0,1.0,0.0,1,1,2.6921568627450982,2.69,0.0075666968989635845,2.68,2.7
309,77,0.3822098679638638,2.0,2.0,0.0,2,2,6.343376623376623,6.32,0.08058356874454171,6.19,6.51
310,54,0.26804328402660577,1.0,1.0,0.0,1,1,3.848333333333333,3.85,0.01193536049680443,3.83,3.86
311,38,0.18862305172242627,1.0,1.0,0.0,1,1,3.4800000000000004,3.48,0.0,3.48,3.48
312,67,0.3325722227737516,1.0,1.0,0.0,1,1,3.4965671641791047,3.5,0.004783886718903264,3.49,3.5
313,32,0.15884046460835896,1.0,1.0,0.0,1,1,3.47,3.47,0.0,3.47,3.47
314,72,0.3573910453688077,1.0,1.0,0.0,1,1,3.4566666666666666,3.46,0.004747126632775174,3.45,3.46
315,30,0.14891293557033655,1.0,1.0,0.0,1,1,3.77,3.77,0.0,3.77,3.77
316,29,0.14394917105132532,1.0,1.0,0.0,1,1,3.753103448275862,3.75,0.004708236154307749,3.75,3.76
317,27,0.13402164201330288,1.0,1.0,0.0,1,1,3.74,3.74,0.0,3.74,3.74
318,51,0.25315199046957215,1.0,1.0,0.0,1,1,3.726470588235294,3.73,0.004826397999238852,3.72,3.73
319,36,0.17869552268440386,1.0,1.0,0.0,1,1,3.79,3.79,0.0,3.79,3.79
320,35,0.17373175816539263,1.0,1.0,0.0,1,1,3.7799999999999994,3.78,0.0,3.78,3.78
321,38,0.18862305172242627,1.0,1.0,0.0,1,1,3.8000000000000003,3.8,0.0,3.8,3.8
322,40,0.19855058076044874,1.0,1.0,0.0,1,1,3.8155,3.82,0.005038314736557728,3.81,3.82
323,68,0.33753598729276285,1.0,1.0,0.0,1,1,2.560441176470588,2.57,0.013207169415449757,2.54,2.59
324,63,0.3127171646977068,1.0,1.0,0.0,1,1,2.6361904761904764,2.64,0.004895215382447622,2.63,2.64
325,48,0.23826069691253848,1.0,1.0,0.0,1,1,2.611458333333333,2.61,0.006519882303249732,2.6,2.62
326,32,0.15884046460835896,1.0,1.0,0.0,1,1,3.7,3.7,0.0,3.7,3.7
327,29,0.14394917105132532,1.0,1.0,0.0,1,1,3.71,3.71,0.0,3.71,3.71
328,44,0.21840563883649358,2.0,2.0,0.0,2,2,7.51,7.52,0.08296819228012982,7.38,7.65
329,56,0.27797081306462823,1.0,1.0,0.0,1,1,3.5332142857142856,3.54,0.01898393031986821,3.51,3.56
330,48,0.23826069691253848,1.0,1.0,0.0,1,1,3.5812500000000003,3.58,0.006058228095703763,3.57,3.59
331,37,0.18365928720341507,2.0,2.0,0.0,2,2,7.255405405405405,7.25,0.0668993686481825,7.17,7.34
332,46,0.22833316787451602,2.0,2.0,0.0,2,2,6.973478260869564,7.0,0.054902636702695774,6.88,7.05
333,46,0.22833316787451602,2.0,2.0,0.0,2,2,6.637608695652173,6.62,0.0598956419341615,6.56,6.81
